graph6,bd_absorption_time,db_absorption_time
42570a,6.999999999999995,4.0
42770a,3.999999999999999,3.999999999999999
